run_id,mode,bucket_ms,sequence,run_start_micros,scheduled_at_micros,fired_at_micros,drift_micros
republish-leg,1,1000,0,1788889949820485,1788889950820485,1788889951325205,504720
republish-leg,1,1000,1,1788889949820485,1788889951820485,1788889952337505,517020
republish-leg,1,1000,2,1788889949820485,1788889952820485,1788889953352199,531714
republish-leg,1,1000,3,1788889949820485,1788889953820485,1788889954355446,534961
republish-leg,2,5000,0,1788889949820485,1788889954820485,1788889954823307,2822
republish-leg,1,1000,4,1788889949820485,1788889954820485,1788889955362928,542443
republish-leg,1,1000,5,1788889949820485,1788889955820485,1788889956366294,545809
republish-leg,1,1000,6,1788889949820485,1788889956820485,1788889957369600,549115
republish-leg,1,1000,7,1788889949820485,1788889957820485,1788889958374491,554006
republish-leg,1,1000,8,1788889949820485,1788889958820485,1788889959387632,567147
republish-leg,1,1000,9,1788889949820485,1788889959820485,1788889960402580,582095
republish-leg,1,1000,10,1788889949820485,1788889960820485,1788889961414442,593957
republish-leg,1,1000,11,1788889949820485,1788889961820485,1788889962416957,596472
republish-leg,1,1000,12,1788889949820485,1788889962820485,1788889963432141,611656
republish-leg,1,1000,13,1788889949820485,1788889963820485,1788889964432951,612466
republish-leg,2,15000,1,1788889949820485,1788889964820485,1788889964827975,7490
republish-leg,1,1000,14,1788889949820485,1788889964820485,1788889965437140,616655
republish-leg,1,1000,15,1788889949820485,1788889965820485,1788889966440088,619603
republish-leg,1,1000,16,1788889949820485,1788889966820485,1788889967442512,622027
republish-leg,1,1000,17,1788889949820485,1788889967820485,1788889968443685,623200
republish-leg,1,1000,18,1788889949820485,1788889968820485,1788889969445369,624884
republish-leg,1,1000,19,1788889949820485,1788889969820485,1788889970446535,626050
republish-leg,1,1000,20,1788889949820485,1788889970820485,1788889971448319,627834
republish-leg,1,1000,21,1788889949820485,1788889971820485,1788889972463101,642616
republish-leg,1,1000,22,1788889949820485,1788889972820485,1788889973464264,643779
republish-leg,1,1000,23,1788889949820485,1788889973820485,1788889974479087,658602
republish-leg,1,1000,24,1788889949820485,1788889974820485,1788889975483052,662567
republish-leg,1,1000,25,1788889949820485,1788889975820485,1788889976490234,669749
republish-leg,1,1000,26,1788889949820485,1788889976820485,1788889977505970,685485
republish-leg,1,1000,27,1788889949820485,1788889977820485,1788889978521566,701081
republish-leg,1,1000,28,1788889949820485,1788889978820485,1788889979523230,702745
republish-leg,2,30000,2,1788889949820485,1788889979820485,1788889979836638,16153
republish-leg,1,1000,29,1788889949820485,1788889979820485,1788889980524043,703558
republish-leg,1,1000,30,1788889949820485,1788889980820485,1788889981538455,717970
republish-leg,1,1000,31,1788889949820485,1788889981820485,1788889982552496,732011
republish-leg,1,1000,32,1788889949820485,1788889982820485,1788889983555646,735161
republish-leg,1,1000,33,1788889949820485,1788889983820485,1788889984556076,735591
republish-leg,1,1000,34,1788889949820485,1788889984820485,1788889985559850,739365
republish-leg,1,1000,35,1788889949820485,1788889985820485,1788889986569444,748959
republish-leg,1,1000,36,1788889949820485,1788889986820485,1788889987574477,753992
republish-leg,1,1000,37,1788889949820485,1788889987820485,1788889988577508,757023
republish-leg,1,1000,38,1788889949820485,1788889988820485,1788889989578361,757876
republish-leg,1,1000,39,1788889949820485,1788889989820485,1788889990579861,759376
republish-leg,1,1000,40,1788889949820485,1788889990820485,1788889991586120,765635
republish-leg,1,1000,41,1788889949820485,1788889991820485,1788889992590941,770456
republish-leg,1,1000,42,1788889949820485,1788889992820485,1788889993607518,787033
republish-leg,1,1000,43,1788889949820485,1788889993820485,1788889994613599,793114
republish-leg,1,1000,44,1788889949820485,1788889994820485,1788889995624556,804071
republish-leg,1,1000,45,1788889949820485,1788889995820485,1788889996626885,806400
republish-leg,1,1000,46,1788889949820485,1788889996820485,1788889997632108,811623
republish-leg,1,1000,47,1788889949820485,1788889997820485,1788889998637059,816574
republish-leg,1,1000,48,1788889949820485,1788889998820485,1788889999638092,817607
republish-leg,1,1000,49,1788889949820485,1788889999820485,1788890000641861,821376
republish-leg,1,1000,50,1788889949820485,1788890000820485,1788890001649207,828722
republish-leg,1,1000,51,1788889949820485,1788890001820485,1788890002651343,830858
republish-leg,1,1000,52,1788889949820485,1788890002820485,1788890003653083,832598
republish-leg,1,1000,53,1788889949820485,1788890003820485,1788890004657585,837100
republish-leg,1,1000,54,1788889949820485,1788890004820485,1788890005663591,843106
republish-leg,1,1000,55,1788889949820485,1788890005820485,1788890006665725,845240
republish-leg,1,1000,56,1788889949820485,1788890006820485,1788890007667470,846985
republish-leg,1,1000,57,1788889949820485,1788890007820485,1788890008670400,849915
republish-leg,1,1000,58,1788889949820485,1788890008820485,1788890009685950,865465
republish-leg,2,60000,3,1788889949820485,1788890009820485,1788890009828608,8123
republish-leg,1,1000,59,1788889949820485,1788890009820485,1788890010690871,870386
republish-leg,1,1000,60,1788889949820485,1788890010820485,1788890011692262,871777
republish-leg,1,1000,61,1788889949820485,1788890011820485,1788890012706922,886437
republish-leg,1,1000,62,1788889949820485,1788890012820485,1788890013711235,890750
republish-leg,1,1000,63,1788889949820485,1788890013820485,1788890014713884,893399
republish-leg,1,1000,64,1788889949820485,1788890014820485,1788890015717589,897104
republish-leg,1,1000,65,1788889949820485,1788890015820485,1788890016722770,902285
republish-leg,1,1000,66,1788889949820485,1788890016820485,1788890017724919,904434
republish-leg,1,1000,67,1788889949820485,1788890017820485,1788890018740062,919577
republish-leg,1,1000,68,1788889949820485,1788890018820485,1788890019755724,935239
republish-leg,1,1000,69,1788889949820485,1788890019820485,1788890020772918,952433
republish-leg,1,1000,70,1788889949820485,1788890020820485,1788890021777470,956985
republish-leg,1,1000,71,1788889949820485,1788890021820485,1788890022779236,958751
republish-leg,1,1000,72,1788889949820485,1788890022820485,1788890023785799,965314
republish-leg,1,1000,73,1788889949820485,1788890023820485,1788890024791629,971144
republish-leg,1,1000,74,1788889949820485,1788890024820485,1788890025792161,971676
republish-leg,1,1000,75,1788889949820485,1788890025820485,1788890026797419,976934
republish-leg,1,1000,76,1788889949820485,1788890026820485,1788890027803101,982616
republish-leg,1,1000,77,1788889949820485,1788890027820485,1788890028805688,985203
republish-leg,1,1000,78,1788889949820485,1788890028820485,1788890029807044,986559
republish-leg,1,1000,79,1788889949820485,1788890029820485,1788890030810027,989542
republish-leg,1,1000,80,1788889949820485,1788890030820485,1788890031811728,991243
republish-leg,1,1000,81,1788889949820485,1788890031820485,1788890032813019,992534
republish-leg,1,1000,82,1788889949820485,1788890032820485,1788890033824081,1003596
republish-leg,1,1000,83,1788889949820485,1788890033820485,1788890034827351,1006866
republish-leg,1,1000,84,1788889949820485,1788890034820485,1788890035827915,1007430
republish-leg,1,1000,85,1788889949820485,1788890035820485,1788890036842195,1021710
republish-leg,1,1000,86,1788889949820485,1788890036820485,1788890037857026,1036541
republish-leg,1,1000,87,1788889949820485,1788890037820485,1788890038873113,1052628
republish-leg,1,1000,88,1788889949820485,1788890038820485,1788890039887124,1066639
republish-leg,1,1000,89,1788889949820485,1788890039820485,1788890040902105,1081620
republish-leg,1,1000,90,1788889949820485,1788890040820485,1788890041918644,1098159
republish-leg,1,1000,91,1788889949820485,1788890041820485,1788890042919092,1098607
republish-leg,1,1000,92,1788889949820485,1788890042820485,1788890043924992,1104507
republish-leg,1,1000,93,1788889949820485,1788890043820485,1788890044940159,1119674
republish-leg,1,1000,94,1788889949820485,1788890044820485,1788890045955562,1135077
republish-leg,1,1000,95,1788889949820485,1788890045820485,1788890046959034,1138549
republish-leg,1,1000,96,1788889949820485,1788890046820485,1788890047962180,1141695
republish-leg,1,1000,97,1788889949820485,1788890047820485,1788890048966793,1146308
republish-leg,1,1000,98,1788889949820485,1788890048820485,1788890049968448,1147963
republish-leg,1,1000,99,1788889949820485,1788890049820485,1788890050982052,1161567
republish-leg,1,1000,100,1788889949820485,1788890050820485,1788890051983424,1162939
republish-leg,1,1000,101,1788889949820485,1788890051820485,1788890052994075,1173590
republish-leg,1,1000,102,1788889949820485,1788890052820485,1788890054007938,1187453
republish-leg,1,1000,103,1788889949820485,1788890053820485,1788890055015313,1194828
republish-leg,1,1000,104,1788889949820485,1788890054820485,1788890056031274,1210789
republish-leg,1,1000,105,1788889949820485,1788890055820485,1788890057045075,1224590
republish-leg,1,1000,106,1788889949820485,1788890056820485,1788890058059254,1238769
republish-leg,1,1000,107,1788889949820485,1788890057820485,1788890059075665,1255180
republish-leg,1,1000,108,1788889949820485,1788890058820485,1788890060076899,1256414
republish-leg,1,1000,109,1788889949820485,1788890059820485,1788890061090911,1270426
republish-leg,1,1000,110,1788889949820485,1788890060820485,1788890062105171,1284686
republish-leg,1,1000,111,1788889949820485,1788890061820485,1788890063120700,1300215
republish-leg,1,1000,112,1788889949820485,1788890062820485,1788890064123226,1302741
republish-leg,1,1000,113,1788889949820485,1788890063820485,1788890065127923,1307438
republish-leg,1,1000,114,1788889949820485,1788890064820485,1788890066140001,1319516
republish-leg,1,1000,115,1788889949820485,1788890065820485,1788890067147260,1326775
republish-leg,1,1000,116,1788889949820485,1788890066820485,1788890068150769,1330284
republish-leg,1,1000,117,1788889949820485,1788890067820485,1788890069164717,1344232
republish-leg,2,120000,4,1788889949820485,1788890069820485,1788890069833576,13091
republish-leg,1,1000,118,1788889949820485,1788890068820485,1788890070177582,1357097
republish-leg,1,1000,119,1788889949820485,1788890069820485,1788890071181460,1360975
republish-leg,1,1000,120,1788889949820485,1788890070820485,1788890072185215,1364730
republish-leg,1,1000,121,1788889949820485,1788890071820485,1788890073193563,1373078
republish-leg,1,1000,122,1788889949820485,1788890072820485,1788890074195094,1374609
republish-leg,1,1000,123,1788889949820485,1788890073820485,1788890075195981,1375496
republish-leg,1,1000,124,1788889949820485,1788890074820485,1788890076210433,1389948
republish-leg,1,1000,125,1788889949820485,1788890075820485,1788890077226569,1406084
republish-leg,1,1000,126,1788889949820485,1788890076820485,1788890078236750,1416265
republish-leg,1,1000,127,1788889949820485,1788890077820485,1788890079238410,1417925
republish-leg,1,1000,128,1788889949820485,1788890078820485,1788890080248406,1427921
republish-leg,1,1000,129,1788889949820485,1788890079820485,1788890081252332,1431847
republish-leg,1,1000,130,1788889949820485,1788890080820485,1788890082267377,1446892
republish-leg,1,1000,131,1788889949820485,1788890081820485,1788890083268723,1448238
republish-leg,1,1000,132,1788889949820485,1788890082820485,1788890084270384,1449899
republish-leg,1,1000,133,1788889949820485,1788890083820485,1788890085280154,1459669
republish-leg,1,1000,134,1788889949820485,1788890084820485,1788890086295078,1474593
republish-leg,1,1000,135,1788889949820485,1788890085820485,1788890087309731,1489246
republish-leg,1,1000,136,1788889949820485,1788890086820485,1788890088312598,1492113
republish-leg,1,1000,137,1788889949820485,1788890087820485,1788890089315192,1494707
republish-leg,1,1000,138,1788889949820485,1788890088820485,1788890090324674,1504189
republish-leg,1,1000,139,1788889949820485,1788890089820485,1788890091329463,1508978
republish-leg,1,1000,140,1788889949820485,1788890090820485,1788890092340896,1520411
republish-leg,1,1000,141,1788889949820485,1788890091820485,1788890093355257,1534772
republish-leg,1,1000,142,1788889949820485,1788890092820485,1788890094356999,1536514
republish-leg,1,1000,143,1788889949820485,1788890093820485,1788890095372433,1551948
republish-leg,1,1000,144,1788889949820485,1788890094820485,1788890096376258,1555773
republish-leg,1,1000,145,1788889949820485,1788890095820485,1788890097378740,1558255
republish-leg,1,1000,146,1788889949820485,1788890096820485,1788890098390470,1569985
republish-leg,1,1000,147,1788889949820485,1788890097820485,1788890099406578,1586093
republish-leg,1,1000,148,1788889949820485,1788890098820485,1788890100422034,1601549
republish-leg,1,1000,149,1788889949820485,1788890099820485,1788890101435082,1614597
republish-leg,1,1000,150,1788889949820485,1788890100820485,1788890102441655,1621170
republish-leg,1,1000,151,1788889949820485,1788890101820485,1788890103442104,1621619
republish-leg,1,1000,152,1788889949820485,1788890102820485,1788890104457775,1637290
republish-leg,1,1000,153,1788889949820485,1788890103820485,1788890105472859,1652374
republish-leg,1,1000,154,1788889949820485,1788890104820485,1788890106475728,1655243
republish-leg,1,1000,155,1788889949820485,1788890105820485,1788890107489597,1669112
republish-leg,1,1000,156,1788889949820485,1788890106820485,1788890108504590,1684105
republish-leg,1,1000,157,1788889949820485,1788890107820485,1788890109518405,1697920
republish-leg,1,1000,158,1788889949820485,1788890108820485,1788890110521352,1700867
republish-leg,1,1000,159,1788889949820485,1788890109820485,1788890111526107,1705622
republish-leg,1,1000,160,1788889949820485,1788890110820485,1788890112541869,1721384
republish-leg,1,1000,161,1788889949820485,1788890111820485,1788890113543376,1722891
republish-leg,1,1000,162,1788889949820485,1788890112820485,1788890114548717,1728232
republish-leg,1,1000,163,1788889949820485,1788890113820485,1788890115563433,1742948
republish-leg,1,1000,164,1788889949820485,1788890114820485,1788890116569899,1749414
republish-leg,1,1000,165,1788889949820485,1788890115820485,1788890117585934,1765449
republish-leg,1,1000,166,1788889949820485,1788890116820485,1788890118591259,1770774
republish-leg,1,1000,167,1788889949820485,1788890117820485,1788890119595781,1775296
republish-leg,1,1000,168,1788889949820485,1788890118820485,1788890120612082,1791597
republish-leg,1,1000,169,1788889949820485,1788890119820485,1788890121615896,1795411
republish-leg,1,1000,170,1788889949820485,1788890120820485,1788890122618880,1798395
republish-leg,1,1000,171,1788889949820485,1788890121820485,1788890123624798,1804313
republish-leg,1,1000,172,1788889949820485,1788890122820485,1788890124627448,1806963
republish-leg,1,1000,173,1788889949820485,1788890123820485,1788890125640897,1820412
republish-leg,1,1000,174,1788889949820485,1788890124820485,1788890126643864,1823379
republish-leg,1,1000,175,1788889949820485,1788890125820485,1788890127650716,1830231
republish-leg,1,1000,176,1788889949820485,1788890126820485,1788890128656436,1835951
republish-leg,1,1000,177,1788889949820485,1788890127820485,1788890129669940,1849455
republish-leg,1,1000,178,1788889949820485,1788890128820485,1788890130684239,1863754
republish-leg,1,1000,179,1788889949820485,1788890129820485,1788890131692915,1872430
republish-leg,1,1000,180,1788889949820485,1788890130820485,1788890132707211,1886726
republish-leg,1,1000,181,1788889949820485,1788890131820485,1788890133707965,1887480
republish-leg,1,1000,182,1788889949820485,1788890132820485,1788890134722243,1901758
republish-leg,1,1000,183,1788889949820485,1788890133820485,1788890135726828,1906343
republish-leg,1,1000,184,1788889949820485,1788890134820485,1788890136740013,1919528
republish-leg,1,1000,185,1788889949820485,1788890135820485,1788890137742122,1921637
republish-leg,1,1000,186,1788889949820485,1788890136820485,1788890138743022,1922537
republish-leg,1,1000,187,1788889949820485,1788890137820485,1788890139745361,1924876
republish-leg,1,1000,188,1788889949820485,1788890138820485,1788890140750012,1929527
republish-leg,1,1000,189,1788889949820485,1788890139820485,1788890141758191,1937706
republish-leg,1,1000,190,1788889949820485,1788890140820485,1788890142759098,1938613
republish-leg,1,1000,191,1788889949820485,1788890141820485,1788890143760158,1939673
republish-leg,1,1000,192,1788889949820485,1788890142820485,1788890144764056,1943571
republish-leg,1,1000,193,1788889949820485,1788890143820485,1788890145765357,1944872
republish-leg,1,1000,194,1788889949820485,1788890144820485,1788890146776632,1956147
republish-leg,1,1000,195,1788889949820485,1788890145820485,1788890147780632,1960147
republish-leg,1,1000,196,1788889949820485,1788890146820485,1788890148783340,1962855
republish-leg,1,1000,197,1788889949820485,1788890147820485,1788890149793776,1973291
republish-leg,1,1000,198,1788889949820485,1788890148820485,1788890150808584,1988099
republish-leg,1,1000,199,1788889949820485,1788890149820485,1788890151817134,1996649
republish-leg,1,1000,200,1788889949820485,1788890150820485,1788890152827069,2006584
republish-leg,1,1000,201,1788889949820485,1788890151820485,1788890153841758,2021273
republish-leg,1,1000,202,1788889949820485,1788890152820485,1788890154856679,2036194
republish-leg,1,1000,203,1788889949820485,1788890153820485,1788890155858372,2037887
republish-leg,1,1000,204,1788889949820485,1788890154820485,1788890156872212,2051727
republish-leg,1,1000,205,1788889949820485,1788890155820485,1788890157886681,2066196
republish-leg,1,1000,206,1788889949820485,1788890156820485,1788890158887917,2067432
republish-leg,1,1000,207,1788889949820485,1788890157820485,1788890159903546,2083061
republish-leg,1,1000,208,1788889949820485,1788890158820485,1788890160918629,2098144
republish-leg,1,1000,209,1788889949820485,1788890159820485,1788890161926845,2106360
republish-leg,1,1000,210,1788889949820485,1788890160820485,1788890162929838,2109353
republish-leg,1,1000,211,1788889949820485,1788890161820485,1788890163942555,2122070
republish-leg,1,1000,212,1788889949820485,1788890162820485,1788890164955441,2134956
republish-leg,1,1000,213,1788889949820485,1788890163820485,1788890165969397,2148912
republish-leg,1,1000,214,1788889949820485,1788890164820485,1788890166980300,2159815
republish-leg,1,1000,215,1788889949820485,1788890165820485,1788890167984567,2164082
republish-leg,1,1000,216,1788889949820485,1788890166820485,1788890168986203,2165718
republish-leg,1,1000,217,1788889949820485,1788890167820485,1788890169988449,2167964
republish-leg,1,1000,218,1788889949820485,1788890168820485,1788890171002641,2182156
republish-leg,1,1000,219,1788889949820485,1788890169820485,1788890172014949,2194464
republish-leg,1,1000,220,1788889949820485,1788890170820485,1788890173028743,2208258
republish-leg,1,1000,221,1788889949820485,1788890171820485,1788890174031167,2210682
republish-leg,1,1000,222,1788889949820485,1788890172820485,1788890175033601,2213116
republish-leg,1,1000,223,1788889949820485,1788890173820485,1788890176048924,2228439
republish-leg,1,1000,224,1788889949820485,1788890174820485,1788890177053299,2232814
republish-leg,1,1000,225,1788889949820485,1788890175820485,1788890178061577,2241092
republish-leg,1,1000,226,1788889949820485,1788890176820485,1788890179064752,2244267
republish-leg,1,1000,227,1788889949820485,1788890177820485,1788890180072250,2251765
republish-leg,1,1000,228,1788889949820485,1788890178820485,1788890181073796,2253311
republish-leg,1,1000,229,1788889949820485,1788890179820485,1788890182076002,2255517
republish-leg,1,1000,230,1788889949820485,1788890180820485,1788890183084389,2263904
republish-leg,1,1000,231,1788889949820485,1788890181820485,1788890184090618,2270133
republish-leg,1,1000,232,1788889949820485,1788890182820485,1788890185096959,2276474
republish-leg,1,1000,233,1788889949820485,1788890183820485,1788890186113829,2293344
republish-leg,1,1000,234,1788889949820485,1788890184820485,1788890187116250,2295765
republish-leg,1,1000,235,1788889949820485,1788890185820485,1788890188130306,2309821
republish-leg,1,1000,236,1788889949820485,1788890186820485,1788890189131576,2311091
republish-leg,1,1000,237,1788889949820485,1788890187820485,1788890190138717,2318232
republish-leg,1,1000,238,1788889949820485,1788890188820485,1788890191143892,2323407
republish-leg,1,1000,239,1788889949820485,1788890189820485,1788890192159019,2338534
republish-leg,1,1000,240,1788889949820485,1788890190820485,1788890193159981,2339496
republish-leg,1,1000,241,1788889949820485,1788890191820485,1788890194174836,2354351
republish-leg,1,1000,242,1788889949820485,1788890192820485,1788890195188495,2368010
republish-leg,1,1000,243,1788889949820485,1788890193820485,1788890196191763,2371278
republish-leg,1,1000,244,1788889949820485,1788890194820485,1788890197197647,2377162
republish-leg,1,1000,245,1788889949820485,1788890195820485,1788890198212508,2392023
republish-leg,1,1000,246,1788889949820485,1788890196820485,1788890199216496,2396011
republish-leg,1,1000,247,1788889949820485,1788890197820485,1788890200218135,2397650
republish-leg,1,1000,248,1788889949820485,1788890198820485,1788890201222366,2401881
republish-leg,1,1000,249,1788889949820485,1788890199820485,1788890202223376,2402891
republish-leg,1,1000,250,1788889949820485,1788890200820485,1788890203236848,2416363
republish-leg,1,1000,251,1788889949820485,1788890201820485,1788890204253344,2432859
republish-leg,1,1000,252,1788889949820485,1788890202820485,1788890205266054,2445569
republish-leg,1,1000,253,1788889949820485,1788890203820485,1788890206279794,2459309
republish-leg,1,1000,254,1788889949820485,1788890204820485,1788890207296283,2475798
republish-leg,1,1000,255,1788889949820485,1788890205820485,1788890208309325,2488840
republish-leg,1,1000,256,1788889949820485,1788890206820485,1788890209324617,2504132
republish-leg,1,1000,257,1788889949820485,1788890207820485,1788890210339412,2518927
republish-leg,1,1000,258,1788889949820485,1788890208820485,1788890211349909,2529424
republish-leg,1,1000,259,1788889949820485,1788890209820485,1788890212365056,2544571
republish-leg,1,1000,260,1788889949820485,1788890210820485,1788890213379933,2559448
republish-leg,1,1000,261,1788889949820485,1788890211820485,1788890214391648,2571163
republish-leg,1,1000,262,1788889949820485,1788890212820485,1788890215407640,2587155
republish-leg,1,1000,263,1788889949820485,1788890213820485,1788890216410435,2589950
republish-leg,1,1000,264,1788889949820485,1788890214820485,1788890217416457,2595972
republish-leg,1,1000,265,1788889949820485,1788890215820485,1788890218431724,2611239
republish-leg,1,1000,266,1788889949820485,1788890216820485,1788890219444818,2624333
republish-leg,1,1000,267,1788889949820485,1788890217820485,1788890220457127,2636642
republish-leg,1,1000,268,1788889949820485,1788890218820485,1788890221470437,2649952
republish-leg,1,1000,269,1788889949820485,1788890219820485,1788890222484904,2664419
republish-leg,1,1000,270,1788889949820485,1788890220820485,1788890223488942,2668457
republish-leg,1,1000,271,1788889949820485,1788890221820485,1788890224490029,2669544
republish-leg,1,1000,272,1788889949820485,1788890222820485,1788890225503406,2682921
republish-leg,1,1000,273,1788889949820485,1788890223820485,1788890226518803,2698318
republish-leg,1,1000,274,1788889949820485,1788890224820485,1788890227530390,2709905
republish-leg,1,1000,275,1788889949820485,1788890225820485,1788890228542026,2721541
republish-leg,1,1000,276,1788889949820485,1788890226820485,1788890229555642,2735157
republish-leg,1,1000,277,1788889949820485,1788890227820485,1788890230571408,2750923
republish-leg,1,1000,278,1788889949820485,1788890228820485,1788890231586644,2766159
republish-leg,1,1000,279,1788889949820485,1788890229820485,1788890232600239,2779754
republish-leg,1,1000,280,1788889949820485,1788890230820485,1788890233614838,2794353
republish-leg,1,1000,281,1788889949820485,1788890231820485,1788890234616744,2796259
republish-leg,1,1000,282,1788889949820485,1788890232820485,1788890235619521,2799036
republish-leg,1,1000,283,1788889949820485,1788890233820485,1788890236631921,2811436
republish-leg,1,1000,284,1788889949820485,1788890234820485,1788890237646277,2825792
republish-leg,1,1000,285,1788889949820485,1788890235820485,1788890238660883,2840398
republish-leg,1,1000,286,1788889949820485,1788890236820485,1788890239662753,2842268
republish-leg,1,1000,287,1788889949820485,1788890237820485,1788890240668773,2848288
republish-leg,1,1000,288,1788889949820485,1788890238820485,1788890241671331,2850846
republish-leg,1,1000,289,1788889949820485,1788890239820485,1788890242685877,2865392
republish-leg,1,1000,290,1788889949820485,1788890240820485,1788890243700677,2880192
republish-leg,1,1000,291,1788889949820485,1788890241820485,1788890244702295,2881810
republish-leg,1,1000,292,1788889949820485,1788890242820485,1788890245704464,2883979
republish-leg,1,1000,293,1788889949820485,1788890243820485,1788890246705189,2884704
republish-leg,1,1000,294,1788889949820485,1788890244820485,1788890247712965,2892480
republish-leg,1,1000,295,1788889949820485,1788890245820485,1788890248728881,2908396
republish-leg,1,1000,296,1788889949820485,1788890246820485,1788890249743419,2922934
republish-leg,2,300000,5,1788889949820485,1788890249820485,1788890249836602,16117
republish-leg,1,1000,297,1788889949820485,1788890247820485,1788890250745415,2924930
republish-leg,1,1000,298,1788889949820485,1788890248820485,1788890251758994,2938509
republish-leg,1,1000,299,1788889949820485,1788890249820485,1788890252760750,2940265
republish-leg,1,1000,300,1788889949820485,1788890250820485,1788890253763947,2943462
republish-leg,1,1000,301,1788889949820485,1788890251820485,1788890254765908,2945423
republish-leg,1,1000,302,1788889949820485,1788890252820485,1788890255768060,2947575
republish-leg,1,1000,303,1788889949820485,1788890253820485,1788890256779562,2959077
republish-leg,1,1000,304,1788889949820485,1788890254820485,1788890257785862,2965377
republish-leg,1,1000,305,1788889949820485,1788890255820485,1788890258787034,2966549
republish-leg,1,1000,306,1788889949820485,1788890256820485,1788890259790890,2970405
republish-leg,1,1000,307,1788889949820485,1788890257820485,1788890260807472,2986987
republish-leg,1,1000,308,1788889949820485,1788890258820485,1788890261808511,2988026
republish-leg,1,1000,309,1788889949820485,1788890259820485,1788890262821269,3000784
republish-leg,1,1000,310,1788889949820485,1788890260820485,1788890263834876,3014391
republish-leg,1,1000,311,1788889949820485,1788890261820485,1788890264836896,3016411
republish-leg,1,1000,312,1788889949820485,1788890262820485,1788890265845142,3024657
republish-leg,1,1000,313,1788889949820485,1788890263820485,1788890266858632,3038147
republish-leg,1,1000,314,1788889949820485,1788890264820485,1788890267872277,3051792
republish-leg,1,1000,315,1788889949820485,1788890265820485,1788890268887599,3067114
republish-leg,1,1000,316,1788889949820485,1788890266820485,1788890269889602,3069117
republish-leg,1,1000,317,1788889949820485,1788890267820485,1788890270899793,3079308
republish-leg,1,1000,318,1788889949820485,1788890268820485,1788890271904249,3083764
republish-leg,1,1000,319,1788889949820485,1788890269820485,1788890272920034,3099549
republish-leg,1,1000,320,1788889949820485,1788890270820485,1788890273935574,3115089
republish-leg,1,1000,321,1788889949820485,1788890271820485,1788890274940738,3120253
republish-leg,1,1000,322,1788889949820485,1788890272820485,1788890275955829,3135344
republish-leg,1,1000,323,1788889949820485,1788890273820485,1788890276957404,3136919
republish-leg,1,1000,324,1788889949820485,1788890274820485,1788890277960955,3140470
republish-leg,1,1000,325,1788889949820485,1788890275820485,1788890278966511,3146026
republish-leg,1,1000,326,1788889949820485,1788890276820485,1788890279980832,3160347
republish-leg,1,1000,327,1788889949820485,1788890277820485,1788890280997059,3176574
republish-leg,1,1000,328,1788889949820485,1788890278820485,1788890282008340,3187855
republish-leg,1,1000,329,1788889949820485,1788890279820485,1788890283008988,3188503
republish-leg,1,1000,330,1788889949820485,1788890280820485,1788890284021728,3201243
republish-leg,1,1000,331,1788889949820485,1788890281820485,1788890285022927,3202442
republish-leg,1,1000,332,1788889949820485,1788890282820485,1788890286039666,3219181
republish-leg,1,1000,333,1788889949820485,1788890283820485,1788890287051161,3230676
republish-leg,1,1000,334,1788889949820485,1788890284820485,1788890288067388,3246903
republish-leg,1,1000,335,1788889949820485,1788890285820485,1788890289069880,3249395
republish-leg,1,1000,336,1788889949820485,1788890286820485,1788890290078995,3258510
republish-leg,1,1000,337,1788889949820485,1788890287820485,1788890291080515,3260030
republish-leg,1,1000,338,1788889949820485,1788890288820485,1788890292092818,3272333
republish-leg,1,1000,339,1788889949820485,1788890289820485,1788890293096270,3275785
republish-leg,1,1000,340,1788889949820485,1788890290820485,1788890294110936,3290451
republish-leg,1,1000,341,1788889949820485,1788890291820485,1788890295120315,3299830
republish-leg,1,1000,342,1788889949820485,1788890292820485,1788890296122107,3301622
republish-leg,1,1000,343,1788889949820485,1788890293820485,1788890297123822,3303337
republish-leg,1,1000,344,1788889949820485,1788890294820485,1788890298126634,3306149
republish-leg,1,1000,345,1788889949820485,1788890295820485,1788890299130251,3309766
republish-leg,1,1000,346,1788889949820485,1788890296820485,1788890300135462,3314977
republish-leg,1,1000,347,1788889949820485,1788890297820485,1788890301145810,3325325
republish-leg,1,1000,348,1788889949820485,1788890298820485,1788890302159901,3339416
republish-leg,1,1000,349,1788889949820485,1788890299820485,1788890303173738,3353253
republish-leg,1,1000,350,1788889949820485,1788890300820485,1788890304188042,3367557
republish-leg,1,1000,351,1788889949820485,1788890301820485,1788890305201051,3380566
republish-leg,1,1000,352,1788889949820485,1788890302820485,1788890306203603,3383118
republish-leg,1,1000,353,1788889949820485,1788890303820485,1788890307215121,3394636
republish-leg,1,1000,354,1788889949820485,1788890304820485,1788890308228518,3408033
republish-leg,1,1000,355,1788889949820485,1788890305820485,1788890309240945,3420460
republish-leg,1,1000,356,1788889949820485,1788890306820485,1788890310244119,3423634
republish-leg,1,1000,357,1788889949820485,1788890307820485,1788890311246305,3425820
republish-leg,1,1000,358,1788889949820485,1788890308820485,1788890312259405,3438920
republish-leg,1,1000,359,1788889949820485,1788890309820485,1788890313270706,3450221
republish-leg,1,1000,360,1788889949820485,1788890310820485,1788890314272672,3452187
republish-leg,1,1000,361,1788889949820485,1788890311820485,1788890315286368,3465883
republish-leg,1,1000,362,1788889949820485,1788890312820485,1788890316296353,3475868
republish-leg,1,1000,363,1788889949820485,1788890313820485,1788890317312328,3491843
republish-leg,1,1000,364,1788889949820485,1788890314820485,1788890318327588,3507103
republish-leg,1,1000,365,1788889949820485,1788890315820485,1788890319329977,3509492
republish-leg,1,1000,366,1788889949820485,1788890316820485,1788890320340383,3519898
republish-leg,1,1000,367,1788889949820485,1788890317820485,1788890321341123,3520638
republish-leg,1,1000,368,1788889949820485,1788890318820485,1788890322345353,3524868
republish-leg,1,1000,369,1788889949820485,1788890319820485,1788890323350715,3530230
republish-leg,1,1000,370,1788889949820485,1788890320820485,1788890324354450,3533965
republish-leg,1,1000,371,1788889949820485,1788890321820485,1788890325360252,3539767
republish-leg,1,1000,372,1788889949820485,1788890322820485,1788890326360985,3540500
republish-leg,1,1000,373,1788889949820485,1788890323820485,1788890327376059,3555574
republish-leg,1,1000,374,1788889949820485,1788890324820485,1788890328390637,3570152
republish-leg,1,1000,375,1788889949820485,1788890325820485,1788890329390992,3570507
republish-leg,1,1000,376,1788889949820485,1788890326820485,1788890330406140,3585655
republish-leg,1,1000,377,1788889949820485,1788890327820485,1788890331408179,3587694
republish-leg,1,1000,378,1788889949820485,1788890328820485,1788890332423092,3602607
republish-leg,1,1000,379,1788889949820485,1788890329820485,1788890333436948,3616463
republish-leg,1,1000,380,1788889949820485,1788890330820485,1788890334440039,3619554
republish-leg,1,1000,381,1788889949820485,1788890331820485,1788890335448144,3627659
republish-leg,1,1000,382,1788889949820485,1788890332820485,1788890336460299,3639814
republish-leg,1,1000,383,1788889949820485,1788890333820485,1788890337461870,3641385
republish-leg,1,1000,384,1788889949820485,1788890334820485,1788890338477257,3656772
republish-leg,1,1000,385,1788889949820485,1788890335820485,1788890339491368,3670883
republish-leg,1,1000,386,1788889949820485,1788890336820485,1788890340492610,3672125
republish-leg,1,1000,387,1788889949820485,1788890337820485,1788890341497508,3677023
republish-leg,1,1000,388,1788889949820485,1788890338820485,1788890342503516,3683031
republish-leg,1,1000,389,1788889949820485,1788890339820485,1788890343514115,3693630
republish-leg,1,1000,390,1788889949820485,1788890340820485,1788890344522572,3702087
republish-leg,1,1000,391,1788889949820485,1788890341820485,1788890345536553,3716068
republish-leg,1,1000,392,1788889949820485,1788890342820485,1788890346537034,3716549
republish-leg,1,1000,393,1788889949820485,1788890343820485,1788890347551042,3730557
republish-leg,1,1000,394,1788889949820485,1788890344820485,1788890348564334,3743849
republish-leg,1,1000,395,1788889949820485,1788890345820485,1788890349565238,3744753
republish-leg,1,1000,396,1788889949820485,1788890346820485,1788890350578190,3757705
republish-leg,1,1000,397,1788889949820485,1788890347820485,1788890351588336,3767851
republish-leg,1,1000,398,1788889949820485,1788890348820485,1788890352600129,3779644
republish-leg,1,1000,399,1788889949820485,1788890349820485,1788890353607031,3786546
republish-leg,1,1000,400,1788889949820485,1788890350820485,1788890354612843,3792358
republish-leg,1,1000,401,1788889949820485,1788890351820485,1788890355622534,3802049
republish-leg,1,1000,402,1788889949820485,1788890352820485,1788890356623849,3803364
republish-leg,1,1000,403,1788889949820485,1788890353820485,1788890357628337,3807852
republish-leg,1,1000,404,1788889949820485,1788890354820485,1788890358642358,3821873
republish-leg,1,1000,405,1788889949820485,1788890355820485,1788890359658243,3837758
republish-leg,1,1000,406,1788889949820485,1788890356820485,1788890360670497,3850012
republish-leg,1,1000,407,1788889949820485,1788890357820485,1788890361671454,3850969
republish-leg,1,1000,408,1788889949820485,1788890358820485,1788890362684117,3863632
republish-leg,1,1000,409,1788889949820485,1788890359820485,1788890363688328,3867843
republish-leg,1,1000,410,1788889949820485,1788890360820485,1788890364691803,3871318
republish-leg,1,1000,411,1788889949820485,1788890361820485,1788890365705796,3885311
republish-leg,1,1000,412,1788889949820485,1788890362820485,1788890366720170,3899685
republish-leg,1,1000,413,1788889949820485,1788890363820485,1788890367734301,3913816
republish-leg,1,1000,414,1788889949820485,1788890364820485,1788890368738147,3917662
republish-leg,1,1000,415,1788889949820485,1788890365820485,1788890369739224,3918739
republish-leg,1,1000,416,1788889949820485,1788890366820485,1788890370752967,3932482
republish-leg,1,1000,417,1788889949820485,1788890367820485,1788890371767430,3946945
republish-leg,1,1000,418,1788889949820485,1788890368820485,1788890372769819,3949334
republish-leg,1,1000,419,1788889949820485,1788890369820485,1788890373783188,3962703
republish-leg,1,1000,420,1788889949820485,1788890370820485,1788890374796088,3975603
republish-leg,1,1000,421,1788889949820485,1788890371820485,1788890375797140,3976655
republish-leg,1,1000,422,1788889949820485,1788890372820485,1788890376810495,3990010
republish-leg,1,1000,423,1788889949820485,1788890373820485,1788890377825587,4005102
republish-leg,1,1000,424,1788889949820485,1788890374820485,1788890378828843,4008358
republish-leg,1,1000,425,1788889949820485,1788890375820485,1788890379839151,4018666
republish-leg,1,1000,426,1788889949820485,1788890376820485,1788890380851568,4031083
republish-leg,1,1000,427,1788889949820485,1788890377820485,1788890381852951,4032466
republish-leg,1,1000,428,1788889949820485,1788890378820485,1788890382866519,4046034
republish-leg,1,1000,429,1788889949820485,1788890379820485,1788890383881474,4060989
republish-leg,1,1000,430,1788889949820485,1788890380820485,1788890384886944,4066459
republish-leg,1,1000,431,1788889949820485,1788890381820485,1788890385888045,4067560
republish-leg,1,1000,432,1788889949820485,1788890382820485,1788890386898362,4077877
republish-leg,1,1000,433,1788889949820485,1788890383820485,1788890387911492,4091007
republish-leg,1,1000,434,1788889949820485,1788890384820485,1788890388912592,4092107
republish-leg,1,1000,435,1788889949820485,1788890385820485,1788890389913585,4093100
republish-leg,1,1000,436,1788889949820485,1788890386820485,1788890390920282,4099797
republish-leg,1,1000,437,1788889949820485,1788890387820485,1788890391925360,4104875
republish-leg,1,1000,438,1788889949820485,1788890388820485,1788890392937507,4117022
republish-leg,1,1000,439,1788889949820485,1788890389820485,1788890393938633,4118148
republish-leg,1,1000,440,1788889949820485,1788890390820485,1788890394940850,4120365
republish-leg,1,1000,441,1788889949820485,1788890391820485,1788890395952874,4132389
republish-leg,1,1000,442,1788889949820485,1788890392820485,1788890396954085,4133600
republish-leg,1,1000,443,1788889949820485,1788890393820485,1788890397957720,4137235
republish-leg,1,1000,444,1788889949820485,1788890394820485,1788890398973307,4152822
republish-leg,1,1000,445,1788889949820485,1788890395820485,1788890399975675,4155190
republish-leg,1,1000,446,1788889949820485,1788890396820485,1788890400979214,4158729
republish-leg,1,1000,447,1788889949820485,1788890397820485,1788890401992028,4171543
republish-leg,1,1000,448,1788889949820485,1788890398820485,1788890403005331,4184846
republish-leg,1,1000,449,1788889949820485,1788890399820485,1788890404008467,4187982
republish-leg,1,1000,450,1788889949820485,1788890400820485,1788890405022529,4202044
republish-leg,1,1000,451,1788889949820485,1788890401820485,1788890406035813,4215328
republish-leg,1,1000,452,1788889949820485,1788890402820485,1788890407051880,4231395
republish-leg,1,1000,453,1788889949820485,1788890403820485,1788890408068723,4248238
republish-leg,1,1000,454,1788889949820485,1788890404820485,1788890409070438,4249953
republish-leg,1,1000,455,1788889949820485,1788890405820485,1788890410074611,4254126
republish-leg,1,1000,456,1788889949820485,1788890406820485,1788890411079492,4259007
republish-leg,1,1000,457,1788889949820485,1788890407820485,1788890412081769,4261284
republish-leg,1,1000,458,1788889949820485,1788890408820485,1788890413091357,4270872
republish-leg,1,1000,459,1788889949820485,1788890409820485,1788890414092478,4271993
republish-leg,1,1000,460,1788889949820485,1788890410820485,1788890415107596,4287111
republish-leg,1,1000,461,1788889949820485,1788890411820485,1788890416112809,4292324
republish-leg,1,1000,462,1788889949820485,1788890412820485,1788890417114663,4294178
republish-leg,1,1000,463,1788889949820485,1788890413820485,1788890418121950,4301465
republish-leg,1,1000,464,1788889949820485,1788890414820485,1788890419130920,4310435
republish-leg,1,1000,465,1788889949820485,1788890415820485,1788890420132778,4312293
republish-leg,1,1000,466,1788889949820485,1788890416820485,1788890421142645,4322160
republish-leg,1,1000,467,1788889949820485,1788890417820485,1788890422158900,4338415
republish-leg,1,1000,468,1788889949820485,1788890418820485,1788890423161979,4341494
republish-leg,1,1000,469,1788889949820485,1788890419820485,1788890424167628,4347143
republish-leg,1,1000,470,1788889949820485,1788890420820485,1788890425176702,4356217
republish-leg,1,1000,471,1788889949820485,1788890421820485,1788890426182620,4362135
republish-leg,1,1000,472,1788889949820485,1788890422820485,1788890427188267,4367782
republish-leg,1,1000,473,1788889949820485,1788890423820485,1788890428203622,4383137
republish-leg,1,1000,474,1788889949820485,1788890424820485,1788890429206190,4385705
republish-leg,1,1000,475,1788889949820485,1788890425820485,1788890430208692,4388207
republish-leg,1,1000,476,1788889949820485,1788890426820485,1788890431209980,4389495
republish-leg,1,1000,477,1788889949820485,1788890427820485,1788890432217343,4396858
republish-leg,1,1000,478,1788889949820485,1788890428820485,1788890433222441,4401956
republish-leg,1,1000,479,1788889949820485,1788890429820485,1788890434224214,4403729
republish-leg,1,1000,480,1788889949820485,1788890430820485,1788890435239012,4418527
republish-leg,1,1000,481,1788889949820485,1788890431820485,1788890436251546,4431061
republish-leg,1,1000,482,1788889949820485,1788890432820485,1788890437253446,4432961
republish-leg,1,1000,483,1788889949820485,1788890433820485,1788890438254733,4434248
republish-leg,1,1000,484,1788889949820485,1788890434820485,1788890439269209,4448724
republish-leg,1,1000,485,1788889949820485,1788890435820485,1788890440283720,4463235
republish-leg,1,1000,486,1788889949820485,1788890436820485,1788890441288838,4468353
republish-leg,1,1000,487,1788889949820485,1788890437820485,1788890442290596,4470111
republish-leg,1,1000,488,1788889949820485,1788890438820485,1788890443295656,4475171
republish-leg,1,1000,489,1788889949820485,1788890439820485,1788890444310353,4489868
republish-leg,1,1000,490,1788889949820485,1788890440820485,1788890445325673,4505188
republish-leg,1,1000,491,1788889949820485,1788890441820485,1788890446329983,4509498
republish-leg,1,1000,492,1788889949820485,1788890442820485,1788890447333985,4513500
republish-leg,1,1000,493,1788889949820485,1788890443820485,1788890448334953,4514468
republish-leg,1,1000,494,1788889949820485,1788890444820485,1788890449336751,4516266
republish-leg,1,1000,495,1788889949820485,1788890445820485,1788890450345496,4525011
republish-leg,1,1000,496,1788889949820485,1788890446820485,1788890451350858,4530373
republish-leg,1,1000,497,1788889949820485,1788890447820485,1788890452362069,4541584
republish-leg,1,1000,498,1788889949820485,1788890448820485,1788890453365072,4544587
republish-leg,1,1000,499,1788889949820485,1788890449820485,1788890454380035,4559550
republish-leg,1,1000,500,1788889949820485,1788890450820485,1788890455388106,4567621
republish-leg,1,1000,501,1788889949820485,1788890451820485,1788890456390114,4569629
republish-leg,1,1000,502,1788889949820485,1788890452820485,1788890457396152,4575667
republish-leg,1,1000,503,1788889949820485,1788890453820485,1788890458402458,4581973
republish-leg,1,1000,504,1788889949820485,1788890454820485,1788890459413111,4592626
republish-leg,1,1000,505,1788889949820485,1788890455820485,1788890460419276,4598791
republish-leg,1,1000,506,1788889949820485,1788890456820485,1788890461423295,4602810
republish-leg,1,1000,507,1788889949820485,1788890457820485,1788890462433967,4613482
republish-leg,1,1000,508,1788889949820485,1788890458820485,1788890463445670,4625185
republish-leg,1,1000,509,1788889949820485,1788890459820485,1788890464453558,4633073
republish-leg,1,1000,510,1788889949820485,1788890460820485,1788890465467967,4647482
republish-leg,1,1000,511,1788889949820485,1788890461820485,1788890466481224,4660739
republish-leg,1,1000,512,1788889949820485,1788890462820485,1788890467495561,4675076
republish-leg,1,1000,513,1788889949820485,1788890463820485,1788890468510521,4690036
republish-leg,1,1000,514,1788889949820485,1788890464820485,1788890469525647,4705162
republish-leg,1,1000,515,1788889949820485,1788890465820485,1788890470540245,4719760
republish-leg,1,1000,516,1788889949820485,1788890466820485,1788890471553864,4733379
republish-leg,1,1000,517,1788889949820485,1788890467820485,1788890472554939,4734454
republish-leg,1,1000,518,1788889949820485,1788890468820485,1788890473568606,4748121
republish-leg,1,1000,519,1788889949820485,1788890469820485,1788890474581217,4760732
republish-leg,1,1000,520,1788889949820485,1788890470820485,1788890475591027,4770542
republish-leg,1,1000,521,1788889949820485,1788890471820485,1788890476606815,4786330
republish-leg,1,1000,522,1788889949820485,1788890472820485,1788890477619192,4798707
republish-leg,1,1000,523,1788889949820485,1788890473820485,1788890478621800,4801315
republish-leg,1,1000,524,1788889949820485,1788890474820485,1788890479635964,4815479
republish-leg,1,1000,525,1788889949820485,1788890475820485,1788890480646536,4826051
republish-leg,1,1000,526,1788889949820485,1788890476820485,1788890481660408,4839923
republish-leg,1,1000,527,1788889949820485,1788890477820485,1788890482662593,4842108
republish-leg,1,1000,528,1788889949820485,1788890478820485,1788890483664900,4844415
republish-leg,1,1000,529,1788889949820485,1788890479820485,1788890484677774,4857289
republish-leg,1,1000,530,1788889949820485,1788890480820485,1788890485692490,4872005
republish-leg,1,1000,531,1788889949820485,1788890481820485,1788890486701740,4881255
republish-leg,1,1000,532,1788889949820485,1788890482820485,1788890487707515,4887030
republish-leg,1,1000,533,1788889949820485,1788890483820485,1788890488717725,4897240
republish-leg,1,1000,534,1788889949820485,1788890484820485,1788890489728925,4908440
republish-leg,1,1000,535,1788889949820485,1788890485820485,1788890490730296,4909811
republish-leg,1,1000,536,1788889949820485,1788890486820485,1788890491740742,4920257
republish-leg,1,1000,537,1788889949820485,1788890487820485,1788890492755830,4935345
republish-leg,1,1000,538,1788889949820485,1788890488820485,1788890493768772,4948287
republish-leg,1,1000,539,1788889949820485,1788890489820485,1788890494784005,4963520
republish-leg,1,1000,540,1788889949820485,1788890490820485,1788890495799923,4979438
republish-leg,1,1000,541,1788889949820485,1788890491820485,1788890496814829,4994344
republish-leg,1,1000,542,1788889949820485,1788890492820485,1788890497831186,5010701
republish-leg,1,1000,543,1788889949820485,1788890493820485,1788890498843763,5023278
republish-leg,1,1000,544,1788889949820485,1788890494820485,1788890499858372,5037887
republish-leg,1,1000,545,1788889949820485,1788890495820485,1788890500870863,5050378
republish-leg,1,1000,546,1788889949820485,1788890496820485,1788890501872136,5051651
republish-leg,1,1000,547,1788889949820485,1788890497820485,1788890502887636,5067151
republish-leg,1,1000,548,1788889949820485,1788890498820485,1788890503899618,5079133
republish-leg,1,1000,549,1788889949820485,1788890499820485,1788890504914510,5094025
republish-leg,1,1000,550,1788889949820485,1788890500820485,1788890505927172,5106687
republish-leg,1,1000,551,1788889949820485,1788890501820485,1788890506941641,5121156
republish-leg,1,1000,552,1788889949820485,1788890502820485,1788890507956889,5136404
republish-leg,1,1000,553,1788889949820485,1788890503820485,1788890508969772,5149287
republish-leg,1,1000,554,1788889949820485,1788890504820485,1788890509983746,5163261
republish-leg,1,1000,555,1788889949820485,1788890505820485,1788890510998922,5178437
republish-leg,1,1000,556,1788889949820485,1788890506820485,1788890512011732,5191247
republish-leg,1,1000,557,1788889949820485,1788890507820485,1788890513026288,5205803
republish-leg,1,1000,558,1788889949820485,1788890508820485,1788890514035871,5215386
republish-leg,1,1000,559,1788889949820485,1788890509820485,1788890515045802,5225317
republish-leg,1,1000,560,1788889949820485,1788890510820485,1788890516057335,5236850
republish-leg,1,1000,561,1788889949820485,1788890511820485,1788890517071301,5250816
republish-leg,1,1000,562,1788889949820485,1788890512820485,1788890518086120,5265635
republish-leg,1,1000,563,1788889949820485,1788890513820485,1788890519087050,5266565
republish-leg,1,1000,564,1788889949820485,1788890514820485,1788890520102852,5282367
republish-leg,1,1000,565,1788889949820485,1788890515820485,1788890521112095,5291610
republish-leg,1,1000,566,1788889949820485,1788890516820485,1788890522126388,5305903
republish-leg,1,1000,567,1788889949820485,1788890517820485,1788890523132134,5311649
republish-leg,1,1000,568,1788889949820485,1788890518820485,1788890524147076,5326591
republish-leg,1,1000,569,1788889949820485,1788890519820485,1788890525155447,5334962
republish-leg,1,1000,570,1788889949820485,1788890520820485,1788890526166989,5346504
republish-leg,1,1000,571,1788889949820485,1788890521820485,1788890527180834,5360349
republish-leg,1,1000,572,1788889949820485,1788890522820485,1788890528188217,5367732
republish-leg,1,1000,573,1788889949820485,1788890523820485,1788890529202703,5382218
republish-leg,1,1000,574,1788889949820485,1788890524820485,1788890530215440,5394955
republish-leg,1,1000,575,1788889949820485,1788890525820485,1788890531228156,5407671
republish-leg,1,1000,576,1788889949820485,1788890526820485,1788890532244414,5423929
republish-leg,1,1000,577,1788889949820485,1788890527820485,1788890533257008,5436523
republish-leg,1,1000,578,1788889949820485,1788890528820485,1788890534270130,5449645
republish-leg,1,1000,579,1788889949820485,1788890529820485,1788890535283300,5462815
republish-leg,1,1000,580,1788889949820485,1788890530820485,1788890536296344,5475859
republish-leg,1,1000,581,1788889949820485,1788890531820485,1788890537306395,5485910
republish-leg,1,1000,582,1788889949820485,1788890532820485,1788890538318200,5497715
republish-leg,1,1000,583,1788889949820485,1788890533820485,1788890539327573,5507088
republish-leg,1,1000,584,1788889949820485,1788890534820485,1788890540341908,5521423
republish-leg,1,1000,585,1788889949820485,1788890535820485,1788890541356297,5535812
republish-leg,1,1000,586,1788889949820485,1788890536820485,1788890542365653,5545168
republish-leg,1,1000,587,1788889949820485,1788890537820485,1788890543377748,5557263
republish-leg,1,1000,588,1788889949820485,1788890538820485,1788890544388189,5567704
republish-leg,1,1000,589,1788889949820485,1788890539820485,1788890545402484,5581999
republish-leg,1,1000,590,1788889949820485,1788890540820485,1788890546417499,5597014
republish-leg,1,1000,591,1788889949820485,1788890541820485,1788890547432978,5612493
republish-leg,1,1000,592,1788889949820485,1788890542820485,1788890548446376,5625891
republish-leg,1,1000,593,1788889949820485,1788890543820485,1788890549460565,5640080
republish-leg,2,600000,6,1788889949820485,1788890549820485,1788890549835929,15444
republish-leg,1,1000,594,1788889949820485,1788890544820485,1788890550472649,5652164
republish-leg,1,1000,595,1788889949820485,1788890545820485,1788890551486119,5665634
republish-leg,1,1000,596,1788889949820485,1788890546820485,1788890552492097,5671612
republish-leg,1,1000,597,1788889949820485,1788890547820485,1788890553494919,5674434
republish-leg,1,1000,598,1788889949820485,1788890548820485,1788890554498794,5678309
republish-leg,1,1000,599,1788889949820485,1788890549820485,1788890555510473,5689988
republish-leg,1,1000,600,1788889949820485,1788890550820485,1788890556526318,5705833
republish-leg,1,1000,601,1788889949820485,1788890551820485,1788890557540029,5719544
republish-leg,1,1000,602,1788889949820485,1788890552820485,1788890558551532,5731047
republish-leg,1,1000,603,1788889949820485,1788890553820485,1788890559553489,5733004
republish-leg,1,1000,604,1788889949820485,1788890554820485,1788890560564745,5744260
republish-leg,1,1000,605,1788889949820485,1788890555820485,1788890561580962,5760477
republish-leg,1,1000,606,1788889949820485,1788890556820485,1788890562595750,5775265
republish-leg,1,1000,607,1788889949820485,1788890557820485,1788890563600596,5780111
republish-leg,1,1000,608,1788889949820485,1788890558820485,1788890564603929,5783444
republish-leg,1,1000,609,1788889949820485,1788890559820485,1788890565620343,5799858
republish-leg,1,1000,610,1788889949820485,1788890560820485,1788890566622207,5801722
republish-leg,1,1000,611,1788889949820485,1788890561820485,1788890567623659,5803174
republish-leg,1,1000,612,1788889949820485,1788890562820485,1788890568636557,5816072
republish-leg,1,1000,613,1788889949820485,1788890563820485,1788890569640913,5820428
republish-leg,1,1000,614,1788889949820485,1788890564820485,1788890570647701,5827216
republish-leg,1,1000,615,1788889949820485,1788890565820485,1788890571650006,5829521
republish-leg,1,1000,616,1788889949820485,1788890566820485,1788890572651976,5831491
republish-leg,1,1000,617,1788889949820485,1788890567820485,1788890573657641,5837156
republish-leg,1,1000,618,1788889949820485,1788890568820485,1788890574664750,5844265
republish-leg,1,1000,619,1788889949820485,1788890569820485,1788890575670047,5849562
republish-leg,1,1000,620,1788889949820485,1788890570820485,1788890576678501,5858016
republish-leg,1,1000,621,1788889949820485,1788890571820485,1788890577679421,5858936
republish-leg,1,1000,622,1788889949820485,1788890572820485,1788890578693146,5872661
republish-leg,1,1000,623,1788889949820485,1788890573820485,1788890579707716,5887231
republish-leg,1,1000,624,1788889949820485,1788890574820485,1788890580719125,5898640
republish-leg,1,1000,625,1788889949820485,1788890575820485,1788890581731673,5911188
republish-leg,1,1000,626,1788889949820485,1788890576820485,1788890582742312,5921827
republish-leg,1,1000,627,1788889949820485,1788890577820485,1788890583754749,5934264
republish-leg,1,1000,628,1788889949820485,1788890578820485,1788890584769708,5949223
republish-leg,1,1000,629,1788889949820485,1788890579820485,1788890585785671,5965186
republish-leg,1,1000,630,1788889949820485,1788890580820485,1788890586795108,5974623
republish-leg,1,1000,631,1788889949820485,1788890581820485,1788890587808165,5987680
republish-leg,1,1000,632,1788889949820485,1788890582820485,1788890588824150,6003665
republish-leg,1,1000,633,1788889949820485,1788890583820485,1788890589838236,6017751
republish-leg,1,1000,634,1788889949820485,1788890584820485,1788890590853246,6032761
republish-leg,1,1000,635,1788889949820485,1788890585820485,1788890591858254,6037769
republish-leg,1,1000,636,1788889949820485,1788890586820485,1788890592869585,6049100
republish-leg,1,1000,637,1788889949820485,1788890587820485,1788890593884004,6063519
republish-leg,1,1000,638,1788889949820485,1788890588820485,1788890594897685,6077200
republish-leg,1,1000,639,1788889949820485,1788890589820485,1788890595904050,6083565
republish-leg,1,1000,640,1788889949820485,1788890590820485,1788890596918620,6098135
republish-leg,1,1000,641,1788889949820485,1788890591820485,1788890597930533,6110048
republish-leg,1,1000,642,1788889949820485,1788890592820485,1788890598943049,6122564
republish-leg,1,1000,643,1788889949820485,1788890593820485,1788890599955439,6134954
republish-leg,1,1000,644,1788889949820485,1788890594820485,1788890600971212,6150727
republish-leg,1,1000,645,1788889949820485,1788890595820485,1788890601972072,6151587
